<?xml version="1.0" encoding="UTF-8" standalone="yes"?>
<addon id="script.hangouts.laucher" name="Google Hangouts Laucher" version="0.0.3" provider-name="messick">
	<requires>
		<import addon="xbmc.python" version="2.14.0"/>
	</requires>
	<extension point="xbmc.python.script" library="addon.py">
		<provides>executable</provides>
	</extension>
	<extension point="xbmc.addon.metadata">
		<platform>all</platform>
		<summary lang="en">Runs Hangouts in a Chrome window from Kodi</summary>
		<description lang="en">Very simple script opening a website (hangouts.google.com) in Chrome browser</description>
		<license>GNU General Public License, v2</license>
		<language></language>
		<forum>http://forum.kodi.tv/showthread.php?tid=193856</forum>
		<source>https://github.com/messick/script.hangouts.launcher</source>
		<website>Kodi.tv</website>
		<email>admin@kazik.dapit.net</email>
		<assets>
			<icon>icon.png</icon>
			<fanart>fanart.jpg</fanart>
			<screenshot>resources/screenshot - 01.jpg</screenshot>
			<screenshot>resources/screenshot - 02.jpg</screenshot>
			<screenshot>resources/screenshot - 03.png</screenshot>
		</assets>
		<news>Just started creating addons</news>
	</extension>
</addon>
