<?xml version="1.0" encoding="UTF-8" standalone="yes"?>
<addon id="script.minecraft.education.laucher" name="Minecraft EE Laucher" version="0.0.1" provider-name="messick">
	<requires>
		<import addon="xbmc.python" version="2.14.0"/>
	</requires>
	<extension point="xbmc.python.script" library="addon.py">
		<provides>executable</provides>
	</extension>
	<extension point="xbmc.addon.metadata">
		<platform>all</platform>
		<summary lang="en">Runs Minecraft Education Edition executable from Kodi</summary>
		<description lang="en">Very simple script executing a windows binary (Minecraft Education Edition)</description>
		<license>GNU General Public License, v2</license>
		<language></language>
		<forum>http://forum.kodi.tv/showthread.php?tid=193856</forum>
		<source>https://github.com/messick/script.minecraft.education</source>
		<website>Kodi.tv</website>
		<email>admin@kazik.dapit.net</email>
		<assets>
			<icon>icon.png</icon>
			<fanart>fanart.jpg</fanart>
			<screenshot>resources/screenshot-01.png</screenshot>
			<screenshot>resources/screenshot-02.png</screenshot>
			<screenshot>resources/screenshot-03.png</screenshot>
		</assets>
		<news>Just started creating addons</news>
	</extension>
</addon>
